"species","mean_rel_abund","overall_prevalence","n_cohorts_passing_threshold","passed_abundance_prevalence_filter","passed_majority_cohort_rule","kept_final"
"Phocaeicola vulgatus",10.2599370254958,0.86685552407932,4,TRUE,TRUE,TRUE
"Bacteroides uniformis",6.24055549575071,0.86685552407932,4,TRUE,TRUE,TRUE
"Bacteroides thetaiotaomicron",1.06222150141643,0.651558073654391,4,TRUE,TRUE,TRUE
"Faecalibacterium prausnitzii",5.08743509915014,0.932011331444759,4,TRUE,TRUE,TRUE
"Roseburia faecis",2.48005668555241,0.711048158640227,4,TRUE,TRUE,TRUE
"Bacteroides caccae",1.24433875354108,0.640226628895184,4,TRUE,TRUE,TRUE
"Enterocloster clostridioformis",0.162679235127479,0.226628895184136,4,TRUE,TRUE,TRUE
"Bacteroides fragilis",1.64088481586402,0.461756373937677,4,TRUE,TRUE,TRUE
"Fusicatenibacter saccharivorans",0.974741133144476,0.807365439093484,4,TRUE,TRUE,TRUE
"Flavonifractor plautii",0.459067025495751,0.728045325779037,4,TRUE,TRUE,TRUE
"Dialister invisus",0.154633739376771,0.382436260623229,4,TRUE,TRUE,TRUE
"Ruminococcus bicirculans",0.577005750708215,0.498583569405099,4,TRUE,TRUE,TRUE
"Blautia sp. CAG:257",0.117701501416431,0.198300283286119,4,TRUE,TRUE,TRUE
"[Ruminococcus] gnavus",0.741439575070821,0.552407932011331,4,TRUE,TRUE,TRUE
"Dorea longicatena",1.32724541076487,0.813031161473088,4,TRUE,TRUE,TRUE
"Anaerobutyricum hallii",1.07869229461756,0.708215297450425,4,TRUE,TRUE,TRUE
"Enterocloster bolteae",0.189059150141643,0.453257790368272,4,TRUE,TRUE,TRUE
"Eubacterium sp. CAG:38",0.20076954674221,0.441926345609065,4,TRUE,TRUE,TRUE
"Lacrimispora saccharolytica",0.0327802549575071,0.209631728045326,4,TRUE,TRUE,TRUE
"Intestinimonas butyriciproducens",0.0188156940509915,0.311614730878187,3,TRUE,TRUE,TRUE
"Clostridiales bacterium 1_7_47FAA",0.00166065155807365,0.084985835694051,2,FALSE,FALSE,FALSE
"Anaerostipes hadrus",1.77700362606232,0.864022662889518,4,TRUE,TRUE,TRUE
"Anaerotignum lactatifermentans",0.0582710481586402,0.144475920679887,3,TRUE,TRUE,TRUE
"Ruthenibacterium lactatiformans",0.260267138810198,0.730878186968839,4,TRUE,TRUE,TRUE
"Lawsonibacter asaccharolyticus",0.0284420679886686,0.501416430594901,4,TRUE,TRUE,TRUE
"Enterocloster asparagiformis",0.00256963172804533,0.104815864022663,3,FALSE,TRUE,FALSE
"Clostridium bolteae CAG:59",0.0344769121813031,0.178470254957507,3,TRUE,TRUE,TRUE
"[Clostridium] symbiosum",0.122791813031161,0.308781869688385,4,TRUE,TRUE,TRUE
"Anaerotruncus colihominis",0.0124242492917847,0.254957507082153,3,TRUE,TRUE,TRUE
"Agathobaculum butyriciproducens",0.197290481586402,0.662889518413598,4,TRUE,TRUE,TRUE
"Escherichia coli",0.943409575070822,0.54957507082153,4,TRUE,TRUE,TRUE
"Eisenbergiella massiliensis",0.0798565439093484,0.314447592067989,4,TRUE,TRUE,TRUE
"Enterocloster citroniae",0.0203982152974504,0.277620396600567,3,TRUE,TRUE,TRUE
"Bacteroides stercoris",3.34301725212465,0.512747875354108,4,TRUE,TRUE,TRUE
"Monoglobus pectinilyticus",0.0456231444759207,0.169971671388102,4,TRUE,TRUE,TRUE
"Alistipes putredinis",1.98288889518414,0.694050991501416,4,TRUE,TRUE,TRUE
"Parabacteroides distasonis",1.68211045325779,0.770538243626062,4,TRUE,TRUE,TRUE
"Roseburia hominis",0.245452776203966,0.677053824362606,4,TRUE,TRUE,TRUE
"Bifidobacterium longum",1.18092541076487,0.711048158640227,4,TRUE,TRUE,TRUE
"[Eubacterium] siraeum",0.524423909348442,0.447592067988669,4,TRUE,TRUE,TRUE
"Parabacteroides merdae",0.909692634560907,0.609065155807365,4,TRUE,TRUE,TRUE
"Roseburia inulinivorans",0.726178385269122,0.702549575070821,4,TRUE,TRUE,TRUE
"Gordonibacter pamelaeae",0.0575569971671388,0.436260623229462,4,TRUE,TRUE,TRUE
"Bacteroides cellulosilyticus",0.443319008498584,0.288951841359773,4,TRUE,TRUE,TRUE
"Bacteroides ovatus",1.22324365439093,0.742209631728045,4,TRUE,TRUE,TRUE
"Blautia wexlerae",0.536913314447592,0.776203966005666,4,TRUE,TRUE,TRUE
"Bifidobacterium adolescentis",1.61093818696884,0.492917847025496,4,TRUE,TRUE,TRUE
"Firmicutes bacterium CAG:424",0.0184496883852691,0.0538243626062323,2,FALSE,FALSE,FALSE
"Lachnospira eligens",1.54678830028329,0.691218130311615,4,TRUE,TRUE,TRUE
"[Clostridium] leptum",0.0702065722379603,0.507082152974504,4,TRUE,TRUE,TRUE
"Adlercreutzia equolifaciens",0.125076628895184,0.45042492917847,4,TRUE,TRUE,TRUE
"Eggerthella lenta",0.137040821529745,0.362606232294618,4,TRUE,TRUE,TRUE
"Bacteroides xylanisolvens",0.68747657223796,0.603399433427762,4,TRUE,TRUE,TRUE
"Phocaeicola dorei",3.47069597733711,0.594900849858357,4,TRUE,TRUE,TRUE
"Enterocloster lavalensis",0.0204383852691218,0.229461756373938,3,TRUE,TRUE,TRUE
"[Eubacterium] rectale",2.47632223796034,0.821529745042493,4,TRUE,TRUE,TRUE
"Akkermansia muciniphila",1.03445968838527,0.410764872521246,4,TRUE,TRUE,TRUE
"Acidaminococcus intestini",0.297946742209632,0.15014164305949,4,TRUE,TRUE,TRUE
"Anaerotruncus sp. CAG:528",0.139516232294618,0.0396600566572238,2,FALSE,FALSE,FALSE
"[Ruminococcus] torques",1.13282082152975,0.711048158640227,4,TRUE,TRUE,TRUE
"Bacteroides salyersiae",0.104250283286119,0.172804532577904,3,TRUE,TRUE,TRUE
"Parabacteroides johnsonii",0.0934003116147309,0.172804532577904,2,TRUE,FALSE,FALSE
"Sellimonas intestinalis",0.0359799433427762,0.15014164305949,4,TRUE,TRUE,TRUE
"Bacteroides faecis",0.423627932011331,0.286118980169972,4,TRUE,TRUE,TRUE
"Roseburia intestinalis",1.05754130311615,0.603399433427762,4,TRUE,TRUE,TRUE
"Collinsella aerofaciens",1.25710388101983,0.705382436260623,4,TRUE,TRUE,TRUE
"Bacteroides intestinalis",0.232080311614731,0.164305949008499,4,TRUE,TRUE,TRUE
"Bacteroides faecis CAG:32",0.207765920679887,0.1671388101983,3,TRUE,TRUE,TRUE
"[Ruminococcus] lactaris",0.29323447592068,0.371104815864023,4,TRUE,TRUE,TRUE
"Prevotella copri",5.89327073654391,0.368271954674221,4,TRUE,TRUE,TRUE
"Erysipelothrix larvae",0.000398895184135977,0.0056657223796034,0,FALSE,FALSE,FALSE
"Eisenbergiella tayi",0.0423771954674221,0.252124645892351,4,TRUE,TRUE,TRUE
"Klebsiella pneumoniae",0.282120226628895,0.0878186968838527,3,FALSE,TRUE,FALSE
"Proteus mirabilis",0.0171324645892351,0.0226628895184136,0,FALSE,FALSE,FALSE
"Intestinibacter bartlettii",0.120062152974504,0.430594900849858,4,TRUE,TRUE,TRUE
"Erysipelatoclostridium ramosum",0.0993941926345609,0.243626062322946,4,TRUE,TRUE,TRUE
"Bacteroides sp. 43_108",0.0255332294617564,0.0084985835694051,0,FALSE,FALSE,FALSE
"Blautia producta",0.0194691501416431,0.113314447592068,3,TRUE,TRUE,TRUE
"Barnesiella intestinihominis",0.689168923512748,0.526912181303116,4,TRUE,TRUE,TRUE
"Tyzzerella nexilis",0.00135342776203966,0.0651558073654391,3,FALSE,TRUE,FALSE
"Ruminococcus obeum CAG:39",0.0219084135977337,0.084985835694051,3,FALSE,TRUE,FALSE
"Blautia obeum",0.615483796033994,0.75070821529745,4,TRUE,TRUE,TRUE
"[Clostridium] scindens",0.00955354107648725,0.0793201133144476,3,FALSE,TRUE,FALSE
"Bacteroides finegoldii",0.290725807365439,0.254957507082153,3,TRUE,TRUE,TRUE
"Parasutterella excrementihominis",0.215501331444759,0.498583569405099,3,TRUE,TRUE,TRUE
"Phascolarctobacterium faecium",0.123855750708215,0.322946175637394,4,TRUE,TRUE,TRUE
"Lachnospira pectinoschiza",0.845767478753541,0.464589235127479,4,TRUE,TRUE,TRUE
"Clostridium sp. CAG:58",0.0932631444759207,0.501416430594901,4,TRUE,TRUE,TRUE
"Bilophila wadsworthia",0.0324434277620397,0.470254957507082,3,TRUE,TRUE,TRUE
"Turicimonas muris",0.0344459490084986,0.373937677053824,3,TRUE,TRUE,TRUE
"Proteobacteria bacterium CAG:139",0.216498441926346,0.41643059490085,4,TRUE,TRUE,TRUE
"Anaeromassilibacillus sp. An250",0.0168392067988669,0.320113314447592,4,TRUE,TRUE,TRUE
"Hungatella hathewayi",0.103866033994334,0.223796033994334,4,TRUE,TRUE,TRUE
"Alistipes finegoldii",0.526319376770538,0.620396600566572,4,TRUE,TRUE,TRUE
"Ruminococcus bromii",2.39937852691218,0.436260623229462,4,TRUE,TRUE,TRUE
"Odoribacter splanchnicus",0.434133059490085,0.620396600566572,4,TRUE,TRUE,TRUE
"Butyricimonas virosa",0.0484260056657224,0.402266288951841,3,TRUE,TRUE,TRUE
"Oscillibacter sp. CAG:241",0.0988796883852691,0.345609065155807,4,TRUE,TRUE,TRUE
"Alistipes indistinctus",0.026887223796034,0.288951841359773,4,TRUE,TRUE,TRUE
"Coprococcus comes",1.01622473087819,0.711048158640227,4,TRUE,TRUE,TRUE
"Blautia hydrogenotrophica",0.0540670821529745,0.229461756373938,4,TRUE,TRUE,TRUE
"Lachnoclostridium sp. An181",9.30878186968839e-05,0.0056657223796034,0,FALSE,FALSE,FALSE
"Gemmiger formicilis",0.112366827195467,0.558073654390935,4,TRUE,TRUE,TRUE
"Holdemania filiformis",0.0101070821529745,0.274787535410765,4,TRUE,TRUE,TRUE
"Firmicutes bacterium CAG:83",0.179654674220963,0.526912181303116,4,TRUE,TRUE,TRUE
"Dorea formicigenerans",0.618041331444759,0.747875354107649,4,TRUE,TRUE,TRUE
"Collinsella intestinalis",0.101145835694051,0.305949008498584,4,TRUE,TRUE,TRUE
"Candidatus Stoquefichus sp. KLE1796",0.00326413597733711,0.0339943342776204,2,FALSE,FALSE,FALSE
"Oscillibacter sp. 57_20",0.220403682719547,0.444759206798867,4,TRUE,TRUE,TRUE
"Gemmiger sp. An87",0.018555552407932,0.0141643059490085,0,FALSE,FALSE,FALSE
"Firmicutes bacterium CAG:94",0.0418195184135977,0.186968838526912,4,TRUE,TRUE,TRUE
"Lachnoclostridium sp. An138",0.0027742776203966,0.0736543909348442,2,FALSE,FALSE,FALSE
"Harryflintia acetispora",0.000751019830028329,0.056657223796034,2,FALSE,FALSE,FALSE
"Dielma fastidiosa",0.0137683002832861,0.223796033994334,3,TRUE,TRUE,TRUE
"Roseburia sp. CAG:471",0.0357200849858357,0.314447592067989,4,TRUE,TRUE,TRUE
"Streptococcus thermophilus",0.186628555240793,0.373937677053824,4,TRUE,TRUE,TRUE
"[Clostridium] innocuum",0.0937984702549575,0.342776203966006,4,TRUE,TRUE,TRUE
"Prevotella buccae",0.0510580169971671,0.0028328611898017,0,FALSE,FALSE,FALSE
"Haemophilus parainfluenzae",0.361863059490085,0.376770538243626,4,TRUE,TRUE,TRUE
"Veillonella dispar",0.0980948441926346,0.252124645892351,4,TRUE,TRUE,TRUE
"Dorea sp. CAG:317",0.104099603399433,0.13314447592068,4,TRUE,TRUE,TRUE
"Proteus vulgaris",0,0,0,FALSE,FALSE,FALSE
"Veillonella parvula",0.689000793201133,0.424929178470255,4,TRUE,TRUE,TRUE
"Veillonella infantium",0.0249063172804533,0.209631728045326,4,TRUE,TRUE,TRUE
"Proteus hauseri",0.000511529745042493,0.0084985835694051,0,FALSE,FALSE,FALSE
"[Clostridium] spiroforme",0.0308228895184136,0.291784702549575,4,TRUE,TRUE,TRUE
"Streptococcus salivarius",0.536900736543909,0.60056657223796,4,TRUE,TRUE,TRUE
"Enterocloster aldenensis",0.0152793484419263,0.104815864022663,3,TRUE,TRUE,TRUE
"Veillonella atypica",0.130116317280453,0.232294617563739,4,TRUE,TRUE,TRUE
"Blautia hansenii",0.033490821529745,0.104815864022663,2,TRUE,FALSE,FALSE
"Eubacterium sp. OM08-24",0.029995269121813,0.0793201133144476,3,FALSE,TRUE,FALSE
"Phocaeicola plebeius",1.20485662889518,0.220963172804533,2,TRUE,FALSE,FALSE
"Paraprevotella xylaniphila",0.155046628895184,0.277620396600567,3,TRUE,TRUE,TRUE
"Parabacteroides sp. CAG:409",0.031437790368272,0.0538243626062323,2,FALSE,FALSE,FALSE
"Bacteroides eggerthii",0.789074107648725,0.288951841359773,4,TRUE,TRUE,TRUE
"Alistipes shahii",0.0902972521246459,0.515580736543909,4,TRUE,TRUE,TRUE
"Butyricimonas synergistica",0.0349050141643059,0.339943342776204,3,TRUE,TRUE,TRUE
"Haemophilus sp. HMSC71H05",0.0139799433427762,0.158640226628895,4,TRUE,TRUE,TRUE
"Desulfovibrio piger",0.0191471388101983,0.113314447592068,3,TRUE,TRUE,TRUE
"Clostridium sp. CAG:242",0.0590474787535411,0.169971671388102,3,TRUE,TRUE,TRUE
"Eubacterium ramulus",0.157910481586402,0.560906515580737,4,TRUE,TRUE,TRUE
"Coprobacter fastidiosus",0.067868611898017,0.286118980169972,3,TRUE,TRUE,TRUE
"Pseudoflavonifractor sp. An184",0.0214003399433428,0.0538243626062323,3,FALSE,TRUE,FALSE
"Clostridiales bacterium CHKCI006",0.000167365439093484,0.0113314447592068,0,FALSE,FALSE,FALSE
"Pseudoflavonifractor sp. An85",3.11614730878187e-06,0.0028328611898017,0,FALSE,FALSE,FALSE
"Christensenella minuta",0.00208915014164306,0.084985835694051,3,FALSE,TRUE,FALSE
"Lactobacillus rogosae",0.0309435127478754,0.271954674220963,4,TRUE,TRUE,TRUE
"Bifidobacterium catenulatum",0.100537790368272,0.121813031161473,3,TRUE,TRUE,TRUE
"Phocaeicola massiliensis",0.446836628895184,0.359773371104816,3,TRUE,TRUE,TRUE
"Streptococcus parasanguinis",0.225774702549575,0.498583569405099,4,TRUE,TRUE,TRUE
"Slackia isoflavoniconvertens",0.0714614447592068,0.24929178470255,4,TRUE,TRUE,TRUE
"Alistipes inops",0.171506090651558,0.172804532577904,3,TRUE,TRUE,TRUE
"Haemophilus pittmaniae",0.000163626062322946,0.0141643059490085,0,FALSE,FALSE,FALSE
"Amedibacillus dolichus",0.0297473371104816,0.0594900849858357,1,FALSE,FALSE,FALSE
"Eubacterium dolichum CAG:375",0.0292494900849858,0.0651558073654391,1,FALSE,FALSE,FALSE
"Turicibacter sanguinis",0.0221931444759207,0.232294617563739,4,TRUE,TRUE,TRUE
"Lactobacillus delbrueckii",0.000682067988668555,0.0424929178470255,1,FALSE,FALSE,FALSE
"Ruminococcaceae bacterium D16",0.00629606232294618,0.18413597733711,3,FALSE,TRUE,FALSE
"Aeriscardovia aeriphila",0.000222464589235127,0.0651558073654391,2,FALSE,FALSE,FALSE
"Veillonella sp. T11011-6",0.00477269121813031,0.0991501416430595,3,FALSE,TRUE,FALSE
"Firmicutes bacterium CAG:145",0.0889707932011331,0.280453257790368,4,TRUE,TRUE,TRUE
"Klebsiella variicola",0.0709168271954674,0.084985835694051,3,FALSE,TRUE,FALSE
"Klebsiella quasipneumoniae",0.0204645325779037,0.0679886685552408,3,FALSE,TRUE,FALSE
"Cutibacterium granulosum",0,0,0,FALSE,FALSE,FALSE
"Bacteroides galacturonicus",0.0185590084985836,0.189801699716714,3,TRUE,TRUE,TRUE
"Methanobrevibacter smithii",0.877885864022663,0.215297450424929,3,TRUE,TRUE,TRUE
"Clostridium sp. CAG:299",0.0170534560906516,0.104815864022663,3,TRUE,TRUE,TRUE
"Porphyromonas asaccharolytica",0.0538769971671388,0.0481586402266289,2,FALSE,FALSE,FALSE
"Clostridium perfringens",0.0085071104815864,0.0538243626062323,2,FALSE,FALSE,FALSE
"Clostridium paraputrificum",0.00640031161473088,0.0538243626062323,2,FALSE,FALSE,FALSE
"Limosilactobacillus fermentum",0.00330756373937677,0.0198300283286119,0,FALSE,FALSE,FALSE
"Prevotella sp. CAG:279",0.116011246458924,0.084985835694051,1,FALSE,FALSE,FALSE
"Fusobacterium ulcerans",0.015740566572238,0.0113314447592068,0,FALSE,FALSE,FALSE
"Eubacterium ventriosum",0.214963654390935,0.487252124645892,4,TRUE,TRUE,TRUE
"Bifidobacterium bifidum",0.618408980169972,0.294617563739377,4,TRUE,TRUE,TRUE
"Bifidobacterium breve",0.0159650708215297,0.0453257790368272,1,FALSE,FALSE,FALSE
"Prevotella sp. CAG:891",0.0453312181303116,0.0424929178470255,1,FALSE,FALSE,FALSE
"Bifidobacterium pseudocatenulatum",0.348298300283286,0.288951841359773,4,TRUE,TRUE,TRUE
"Lactococcus piscium",0.00210215297450425,0.0084985835694051,0,FALSE,FALSE,FALSE
"Klebsiella oxytoca",0.00449841359773371,0.0169971671388102,0,FALSE,FALSE,FALSE
"Citrobacter freundii",0.00695393767705382,0.0453257790368272,2,FALSE,FALSE,FALSE
"Citrobacter braakii",0.000920736543909348,0.0141643059490085,0,FALSE,FALSE,FALSE
"Bifidobacterium animalis",0.0457572521246459,0.135977337110482,3,TRUE,TRUE,TRUE
"Citrobacter youngae",0.00272059490084986,0.0396600566572238,1,FALSE,FALSE,FALSE
"Lactobacillus acidophilus",0.00495263456090652,0.0311614730878187,2,FALSE,FALSE,FALSE
"Anaeroglobus geminatus",0.00437532577903683,0.0056657223796034,0,FALSE,FALSE,FALSE
"Bifidobacterium dentium",0.0423288668555241,0.104815864022663,4,TRUE,TRUE,TRUE
"Clostridium neonatale",0.00123878186968839,0.0056657223796034,0,FALSE,FALSE,FALSE
"Clostridioides difficile",0.00638096317280453,0.0198300283286119,1,FALSE,FALSE,FALSE
"Enterococcus faecium",0.00392838526912181,0.0509915014164306,2,FALSE,FALSE,FALSE
"Morganella morganii",0.00154031161473088,0.0169971671388102,1,FALSE,FALSE,FALSE
"Streptococcus oralis",0.00623677053824363,0.130311614730878,3,FALSE,TRUE,FALSE
"Klebsiella michiganensis",0.0477039093484419,0.0254957507082153,0,FALSE,FALSE,FALSE
"Clostridium sp. chh4-2",0.000142266288951841,0.0084985835694051,1,FALSE,FALSE,FALSE
"Bacteroides nordii",0.00441949008498584,0.0963172804532578,3,FALSE,TRUE,FALSE
"Klebsiella aerogenes",0.00201342776203966,0.0084985835694051,0,FALSE,FALSE,FALSE
"Leclercia adecarboxylata",5.41359773371105e-05,0.0056657223796034,0,FALSE,FALSE,FALSE
"Enterobacter mori",4.37393767705382e-05,0.0028328611898017,0,FALSE,FALSE,FALSE
"Kluyvera ascorbata",7.47592067988669e-05,0.0056657223796034,0,FALSE,FALSE,FALSE
"Pseudoflavonifractor capillosus",0.000339376770538244,0.0509915014164306,1,FALSE,FALSE,FALSE
"Ruminococcaceae bacterium D5",0.00172065155807365,0.0764872521246459,1,FALSE,FALSE,FALSE
"Raoultella planticola",3.52691218130312e-05,0.0084985835694051,0,FALSE,FALSE,FALSE
"Roseburia sp. CAG:303",0.0409432011331445,0.084985835694051,1,FALSE,FALSE,FALSE
"Coprococcus eutactus",0.564148158640227,0.24929178470255,4,TRUE,TRUE,TRUE
"Eubacterium sp. CAG:251",0.502665155807365,0.195467422096317,3,TRUE,TRUE,TRUE
"Alloscardovia omnicolens",0.00106473087818697,0.0311614730878187,1,FALSE,FALSE,FALSE
"Eubacterium sp. CAG:180",0.867877705382436,0.209631728045326,3,TRUE,TRUE,TRUE
"Eubacterium sp. CAG:274",0.106469858356941,0.152974504249292,3,TRUE,TRUE,TRUE
"Cutibacterium acnes",0.00101932011331445,0.0424929178470255,1,FALSE,FALSE,FALSE
"Dialister sp. CAG:357",0.177236912181303,0.0821529745042493,4,FALSE,TRUE,FALSE
"Bacteroides oleiciplenus",0.00245444759206799,0.0056657223796034,0,FALSE,FALSE,FALSE
"Coprobacter secundus",0.0128091501416431,0.192634560906516,3,TRUE,TRUE,TRUE
"Kocuria palustris",0,0,0,FALSE,FALSE,FALSE
"Acinetobacter lwoffii",0,0,0,FALSE,FALSE,FALSE
"Micrococcus lylae",0,0,0,FALSE,FALSE,FALSE
"Pararheinheimera mesophila",0,0,0,FALSE,FALSE,FALSE
"Desulfovibrionaceae bacterium",0.00480056657223796,0.0934844192634561,1,FALSE,FALSE,FALSE
"Massilimicrobiota timonensis",0.00407552407932011,0.0963172804532578,2,FALSE,FALSE,FALSE
"Fretibacterium fastidiosum",3.58923512747875e-05,0.0254957507082153,1,FALSE,FALSE,FALSE
"Streptococcus vestibularis",0.0161490934844193,0.0934844192634561,3,FALSE,TRUE,FALSE
"Clostridium sp. CAG:411",6.45892351274787e-06,0.0028328611898017,0,FALSE,FALSE,FALSE
"Megamonas funiformis",0.0182854107648725,0.0679886685552408,3,FALSE,TRUE,FALSE
"Megamonas hypermegale",0.0254432294617564,0.0651558073654391,1,FALSE,FALSE,FALSE
"Phocaeicola coprocola",0.463553172804533,0.223796033994334,3,TRUE,TRUE,TRUE
"Megamonas funiformis CAG:377",0.0489335694050991,0.0481586402266289,2,FALSE,FALSE,FALSE
"Paraprevotella clara",0.0222443626062323,0.135977337110482,2,TRUE,FALSE,FALSE
"Streptococcus gordonii",0.00723801699716714,0.107648725212465,2,FALSE,FALSE,FALSE
"Coprobacillus cateniformis",0.0138007082152975,0.110481586402266,3,TRUE,TRUE,TRUE
"Prevotella colorans",0,0,0,FALSE,FALSE,FALSE
"Prevotella buccalis",0.00099699716713881,0.0226628895184136,1,FALSE,FALSE,FALSE
"Anaerofustis stercorihominis",0.00266776203966006,0.0141643059490085,0,FALSE,FALSE,FALSE
"Latilactobacillus sakei",0.00173056657223796,0.056657223796034,1,FALSE,FALSE,FALSE
"Clostridium disporicum",0.0161246175637394,0.155807365439093,3,TRUE,TRUE,TRUE
"Ruminococcus sp. CAG:330",0.0335197450424929,0.0736543909348442,2,FALSE,FALSE,FALSE
"Streptococcus agalactiae",0.00092728045325779,0.0084985835694051,0,FALSE,FALSE,FALSE
"Aggregatibacter segnis",0.0469623229461756,0.0396600566572238,2,FALSE,FALSE,FALSE
"Fusobacterium nucleatum",0.142917705382436,0.0368271954674221,1,FALSE,FALSE,FALSE
"Bifidobacterium pseudolongum",0,0,0,FALSE,FALSE,FALSE
"Allisonella histaminiformans",0.00482807365439094,0.104815864022663,2,FALSE,FALSE,FALSE
"Prevotella bivia",0.11153447592068,0.056657223796034,1,FALSE,FALSE,FALSE
"Clostridium sp. CAG:590",0.0063042776203966,0.0113314447592068,0,FALSE,FALSE,FALSE
"Ruminococcus callidus",0.0171634277620397,0.158640226628895,4,TRUE,TRUE,TRUE
"Holdemanella biformis",0.180412861189802,0.189801699716714,3,TRUE,TRUE,TRUE
"Escherichia marmotae",1.58356940509915e-05,0.0028328611898017,0,FALSE,FALSE,FALSE
"Terrisporobacter othiniensis",2.11614730878187e-05,0.0056657223796034,0,FALSE,FALSE,FALSE
"Porphyromonas somerae",0,0,0,FALSE,FALSE,FALSE
"Prevotella salivae",0,0,0,FALSE,FALSE,FALSE
"Citrobacter amalonaticus",0.000444929178470255,0.0028328611898017,0,FALSE,FALSE,FALSE
"Ligilactobacillus salivarius",0.0121503399433428,0.0198300283286119,0,FALSE,FALSE,FALSE
"Megasphaera micronuciformis",0.00713201133144476,0.0339943342776204,1,FALSE,FALSE,FALSE
"Neisseria sp. oral taxon 014",0,0,0,FALSE,FALSE,FALSE
"Anaerostipes caccae",0.00387436260623229,0.0424929178470255,2,FALSE,FALSE,FALSE
"Coprococcus catus",0.145738243626062,0.509915014164306,4,TRUE,TRUE,TRUE
"Blautia argi",0.00445728045325779,0.0254957507082153,1,FALSE,FALSE,FALSE
"Escherichia albertii",0,0,0,FALSE,FALSE,FALSE
"Prevotella disiens",0.000687592067988669,0.0169971671388102,0,FALSE,FALSE,FALSE
"Porphyromonas uenonis",0.00601756373937677,0.0198300283286119,1,FALSE,FALSE,FALSE
"Peptococcus niger",0.000946317280453258,0.0028328611898017,0,FALSE,FALSE,FALSE
"Bacteroides sp. CAG:144",0.0744871388101983,0.203966005665722,1,TRUE,FALSE,FALSE
"Eubacterium sp. An11",0.000118923512747875,0.0028328611898017,0,FALSE,FALSE,FALSE
"Blautia coccoides",0.00995640226628895,0.0764872521246459,2,FALSE,FALSE,FALSE
"Oxalobacter formigenes",0.00208614730878187,0.0198300283286119,0,FALSE,FALSE,FALSE
"Tractidigestivibacter scatoligenes",0.000984617563739377,0.101983002832861,3,FALSE,TRUE,FALSE
"Dialister pneumosintes",0.0423048725212465,0.0934844192634561,4,FALSE,TRUE,FALSE
"Megasphaera sp. DISK 18",0.00423526912181303,0.0226628895184136,0,FALSE,FALSE,FALSE
"Clostridium sp. CAG:167",0.0654449008498584,0.192634560906516,4,TRUE,TRUE,TRUE
"Hafnia paralvei",0.00123093484419263,0.0056657223796034,0,FALSE,FALSE,FALSE
"Alistipes onderdonkii",0.04971,0.0963172804532578,3,FALSE,TRUE,FALSE
"Coprobacter sp.",0.0106448158640227,0.0198300283286119,1,FALSE,FALSE,FALSE
"Corynebacterium matruchotii",0,0,0,FALSE,FALSE,FALSE
"Bacteroides stercorirosoris",1.72804532577904e-06,0.0028328611898017,0,FALSE,FALSE,FALSE
"Staphylococcus epidermidis",0,0,0,FALSE,FALSE,FALSE
"Parabacteroides goldsteinii",0.0362366855524079,0.147308781869688,3,TRUE,TRUE,TRUE
"Roseburia sp. CAG:182",0.0393312181303116,0.110481586402266,2,TRUE,FALSE,FALSE
"Oscillibacter sp. PC13",0.000120509915014164,0.0424929178470255,1,FALSE,FALSE,FALSE
"Firmicutes bacterium CAG:110",0.078205269121813,0.24929178470255,3,TRUE,TRUE,TRUE
"Prevotella sp. 885",0.0957483852691218,0.028328611898017,1,FALSE,FALSE,FALSE
"Parvimonas micra",0.0107251274787535,0.0679886685552408,2,FALSE,FALSE,FALSE
"Peptostreptococcus stomatis",0.00915776203966006,0.0623229461756374,2,FALSE,FALSE,FALSE
"Moraxella osloensis",0,0,0,FALSE,FALSE,FALSE
"Enhydrobacter aerosaccus",0,0,0,FALSE,FALSE,FALSE
"Micrococcus luteus",0,0,0,FALSE,FALSE,FALSE
"Micrococcus aloeverae",0,0,0,FALSE,FALSE,FALSE
"Dialister micraerophilus",0.000102067988668555,0.0028328611898017,0,FALSE,FALSE,FALSE
"Campylobacter concisus",0.025204164305949,0.028328611898017,1,FALSE,FALSE,FALSE
"Megasphaera sp. MJR8396C",0.00118373937677054,0.0198300283286119,1,FALSE,FALSE,FALSE
"Cloacibacillus porcorum",0.00104294617563739,0.0226628895184136,0,FALSE,FALSE,FALSE
"Desulfovibrio fairfieldensis",0.000865014164305949,0.0169971671388102,0,FALSE,FALSE,FALSE
"Phascolarctobacterium sp. CAG:266",0.14310104815864,0.110481586402266,1,TRUE,FALSE,FALSE
"Rikenella microfusus",0.00156872521246459,0.0028328611898017,0,FALSE,FALSE,FALSE
"Roseburia sp. CAG:309",0.00699439093484419,0.130311614730878,3,FALSE,TRUE,FALSE
"Flavonifractor sp. An10",0.00179869688385269,0.0198300283286119,0,FALSE,FALSE,FALSE
"Victivallis vadensis",0.00342379603399433,0.0651558073654391,1,FALSE,FALSE,FALSE
"Firmicutes bacterium CAG:95",0.0175604815864023,0.158640226628895,3,TRUE,TRUE,TRUE
"Enorma massiliensis",0.016199716713881,0.198300283286119,3,TRUE,TRUE,TRUE
"Citrobacter pasteurii",0.000250311614730878,0.0084985835694051,0,FALSE,FALSE,FALSE
"Streptococcus salivarius CAG:79",0,0,0,FALSE,FALSE,FALSE
"Veillonella seminalis",0.0108935694050991,0.0056657223796034,0,FALSE,FALSE,FALSE
"Enterococcus faecalis",0.198132861189802,0.0509915014164306,3,FALSE,TRUE,FALSE
"Streptococcus mitis",0.00542385269121813,0.169971671388102,3,FALSE,TRUE,FALSE
"Butyricicoccus pullicaecorum",0.00674022662889518,0.0311614730878187,1,FALSE,FALSE,FALSE
"Prevotella corporis",0.00150937677053824,0.0198300283286119,0,FALSE,FALSE,FALSE
"Lachnoclostridium sp. An131",0.00276903682719547,0.0481586402266289,2,FALSE,FALSE,FALSE
"Lachnoclostridium sp. An118",0.000385835694050991,0.028328611898017,1,FALSE,FALSE,FALSE
"[Clostridium] methylpentosum",0.0002571388101983,0.0169971671388102,0,FALSE,FALSE,FALSE
"Haemophilus parahaemolyticus",3.76203966005666e-05,0.0028328611898017,0,FALSE,FALSE,FALSE
"Neisseria flavescens",0.000178753541076487,0.0028328611898017,0,FALSE,FALSE,FALSE
"Veillonella rogosae",0.000297450424929178,0.0198300283286119,0,FALSE,FALSE,FALSE
"Neisseria subflava",0,0,0,FALSE,FALSE,FALSE
"Sharpea azabuensis",0.000692322946175637,0.0708215297450425,1,FALSE,FALSE,FALSE
"Anaerofilum sp. An201",6.48441926345609e-05,0.0113314447592068,0,FALSE,FALSE,FALSE
"Romboutsia ilealis",0.00252756373937677,0.198300283286119,3,FALSE,TRUE,FALSE
"Fusobacterium periodonticum",0.00155399433427762,0.0113314447592068,0,FALSE,FALSE,FALSE
"Lachnoclostridium sp. An14",0.000881303116147309,0.0198300283286119,0,FALSE,FALSE,FALSE
"Flavonifractor sp. An100",0.000346657223796034,0.056657223796034,1,FALSE,FALSE,FALSE
"Clostridium sp. CAG:253",0.0188060623229462,0.0708215297450425,1,FALSE,FALSE,FALSE
"Arthrospira platensis",8.28895184135977e-05,0.0028328611898017,0,FALSE,FALSE,FALSE
"Lactobacillus amylovorus",0.0513596600566572,0.0226628895184136,0,FALSE,FALSE,FALSE
"Limosilactobacillus oris",0.00268365439093484,0.0226628895184136,0,FALSE,FALSE,FALSE
"Streptococcus lutetiensis",0.0221214164305949,0.0169971671388102,0,FALSE,FALSE,FALSE
"Weissella cibaria",5.31444759206799e-05,0.0056657223796034,0,FALSE,FALSE,FALSE
"Rothia mucilaginosa",0.00197985835694051,0.056657223796034,2,FALSE,FALSE,FALSE
"Streptococcus pasteurianus",0,0,0,FALSE,FALSE,FALSE
"Prevotella melaninogenica",0,0,0,FALSE,FALSE,FALSE
"Prevotella jejuni",0,0,0,FALSE,FALSE,FALSE
"Veillonella tobetsuensis",0.00255651558073654,0.0339943342776204,1,FALSE,FALSE,FALSE
"Streptococcus sp. M334",7.30878186968838e-06,0.0028328611898017,0,FALSE,FALSE,FALSE
"Actinomyces sp. ICM47",0.000426685552407932,0.0481586402266289,3,FALSE,TRUE,FALSE
"Streptococcus sp. A12",0.000819546742209632,0.110481586402266,2,FALSE,FALSE,FALSE
"Clostridium sp. CAG:678",0.0330940793201133,0.0169971671388102,0,FALSE,FALSE,FALSE
"Candidatus Methanomassiliicoccus intestinalis",0.00488954674220963,0.0028328611898017,0,FALSE,FALSE,FALSE
"Candidatus Gastranaerophilales bacterium",0.00309152974504249,0.028328611898017,1,FALSE,FALSE,FALSE
"Prevotella denticola",0,0,0,FALSE,FALSE,FALSE
"Leuconostoc lactis",0,0,0,FALSE,FALSE,FALSE
"Prevotella oris",0,0,0,FALSE,FALSE,FALSE
"Prevotella dentalis",0,0,0,FALSE,FALSE,FALSE
"[Eubacterium] infirmum",1.40226628895184e-05,0.0028328611898017,0,FALSE,FALSE,FALSE
"Shuttleworthia satelles",0,0,0,FALSE,FALSE,FALSE
"Prevotella nigrescens",0,0,0,FALSE,FALSE,FALSE
"Enterococcus hirae",0.00157733711048159,0.0028328611898017,0,FALSE,FALSE,FALSE
"Adlercreutzia caecimuris",0.00155271954674221,0.263456090651558,3,FALSE,TRUE,FALSE
"Citrobacter portucalensis",0.000238696883852691,0.0028328611898017,0,FALSE,FALSE,FALSE
"Raoultella ornithinolytica",0,0,0,FALSE,FALSE,FALSE
"Dysgonomonas mossii",0.000318810198300283,0.0056657223796034,0,FALSE,FALSE,FALSE
"Firmicutes bacterium CAG:646",0.0108227195467422,0.0254957507082153,1,FALSE,FALSE,FALSE
"Streptococcus gallolyticus",0,0,0,FALSE,FALSE,FALSE
"Christensenella hongkongensis",0.00158694050991501,0.0594900849858357,2,FALSE,FALSE,FALSE
"Lactobacillus paragasseri",0.0135807365439093,0.0481586402266289,2,FALSE,FALSE,FALSE
"Lactobacillus gasseri",0.00441212464589235,0.0396600566572238,2,FALSE,FALSE,FALSE
"Peptostreptococcus anaerobius",0.0274273371104816,0.0509915014164306,1,FALSE,FALSE,FALSE
"Acinetobacter ursingii",1.09348441926346e-05,0.0028328611898017,0,FALSE,FALSE,FALSE
"Lactococcus lactis",0.0867495750708215,0.124645892351275,3,TRUE,TRUE,TRUE
"Odoribacter laneus",0.00649127478753541,0.0226628895184136,0,FALSE,FALSE,FALSE
"Haemophilus sputorum",0.00378076487252125,0.0311614730878187,0,FALSE,FALSE,FALSE
"Peptoniphilus harei",0.0307483569405099,0.0254957507082153,0,FALSE,FALSE,FALSE
"Pediococcus acidilactici",0.00278,0.0141643059490085,1,FALSE,FALSE,FALSE
"Fusobacterium gonidiaformans",0.0338051558073654,0.0113314447592068,0,FALSE,FALSE,FALSE
"Fusobacterium equinum",0.00573830028328612,0.0056657223796034,0,FALSE,FALSE,FALSE
"Leuconostoc garlicum",0,0,0,FALSE,FALSE,FALSE
"Campylobacter showae",0.000227847025495751,0.0056657223796034,0,FALSE,FALSE,FALSE
"Aeromonas hydrophila",0.00143940509915014,0.0028328611898017,0,FALSE,FALSE,FALSE
"Aeromonas dhakensis",3.41359773371105e-05,0.0028328611898017,0,FALSE,FALSE,FALSE
"Prevotella stercorea",0.231252152974504,0.028328611898017,0,FALSE,FALSE,FALSE
"Phascolarctobacterium succinatutens",0.194368923512748,0.107648725212465,2,TRUE,FALSE,FALSE
"Prevotella sp. AM42-24",0.021545835694051,0.0198300283286119,0,FALSE,FALSE,FALSE
"Blastocystis sp. subtype 1",0.00269079320113314,0.0084985835694051,0,FALSE,FALSE,FALSE
"Bifidobacterium angulatum",0.00515583569405099,0.0141643059490085,0,FALSE,FALSE,FALSE
"Prevotella timonensis",0.00282079320113314,0.0339943342776204,0,FALSE,FALSE,FALSE
"Butyrivibrio crossotus",0.46059328611898,0.0878186968838527,2,FALSE,FALSE,FALSE
"Limosilactobacillus vaginalis",0.000235155807365439,0.0198300283286119,0,FALSE,FALSE,FALSE
"Ligilactobacillus ruminis",0.0518254674220963,0.028328611898017,0,FALSE,FALSE,FALSE
"Weissella confusa",0.000105807365439093,0.0028328611898017,0,FALSE,FALSE,FALSE
"Streptococcus mutans",0.00671946175637394,0.104815864022663,3,FALSE,TRUE,FALSE
"Clostridium celatum",0.00189883852691218,0.0254957507082153,0,FALSE,FALSE,FALSE
"Streptococcus australis",0.00422983002832861,0.113314447592068,3,FALSE,TRUE,FALSE
"Streptococcus sanguinis",0.00347175637393768,0.0934844192634561,3,FALSE,TRUE,FALSE
"Schaalia turicensis",0.0119124645892351,0.0453257790368272,1,FALSE,FALSE,FALSE
"Peptoniphilus duerdenii",0.000112691218130312,0.0028328611898017,0,FALSE,FALSE,FALSE
"Clostridium baratii",1.05382436260623e-05,0.0028328611898017,0,FALSE,FALSE,FALSE
"Streptococcus sp. F0442",0.00100186968838527,0.0396600566572238,2,FALSE,FALSE,FALSE
"Prevotella sp. CAG:520",0.0141722662889518,0.0141643059490085,0,FALSE,FALSE,FALSE
"Cronobacter sakazakii",0,0,0,FALSE,FALSE,FALSE
"Actinomyces urogenitalis",0.00341895184135977,0.0056657223796034,0,FALSE,FALSE,FALSE
"Actinomyces graevenitzii",0.000310934844192635,0.0424929178470255,2,FALSE,FALSE,FALSE
"Parvimonas sp. oral taxon 110",8.10198300283286e-06,0.0028328611898017,0,FALSE,FALSE,FALSE
"Eikenella corrodens",0.00679696883852691,0.0169971671388102,1,FALSE,FALSE,FALSE
"Parvimonas sp. oral taxon 393",0.000252294617563739,0.0056657223796034,0,FALSE,FALSE,FALSE
"Anaerococcus vaginalis",0.0803015864022663,0.0339943342776204,1,FALSE,FALSE,FALSE
"Gemella asaccharolytica",0.00107073654390935,0.0141643059490085,0,FALSE,FALSE,FALSE
"Lachnospiraceae bacterium 2_1_46FAA",0.00173379603399433,0.0084985835694051,0,FALSE,FALSE,FALSE
"Veillonella sp. CAG:933",0.0188198866855524,0.0198300283286119,0,FALSE,FALSE,FALSE
"Lacticaseibacillus rhamnosus",0.000627082152974504,0.0226628895184136,1,FALSE,FALSE,FALSE
"Campylobacter upsaliensis",0.0103610764872521,0.0028328611898017,0,FALSE,FALSE,FALSE
"Lachnospiraceae bacterium oral taxon 096",0.000234475920679887,0.0226628895184136,1,FALSE,FALSE,FALSE
"Campylobacter gracilis",0.000309376770538244,0.0056657223796034,0,FALSE,FALSE,FALSE
"Gemmiger sp. An50",4.10764872521246e-06,0.0056657223796034,0,FALSE,FALSE,FALSE
"Scardovia wiggsiae",0.000858895184135977,0.0198300283286119,1,FALSE,FALSE,FALSE
"Limosilactobacillus reuteri",0.00949821529745042,0.0084985835694051,0,FALSE,FALSE,FALSE
"Enterococcus avium",0.000552181303116147,0.0084985835694051,0,FALSE,FALSE,FALSE
"Enterococcus thailandicus",0,0,0,FALSE,FALSE,FALSE
"Paucilactobacillus vaccinostercus",0,0,0,FALSE,FALSE,FALSE
"Enterococcus casseliflavus",0.000216912181303116,0.0084985835694051,0,FALSE,FALSE,FALSE
"Bifidobacterium pullorum",0.00178305949008499,0.0169971671388102,0,FALSE,FALSE,FALSE
"Actinomyces sp. oral taxon 180",0,0,0,FALSE,FALSE,FALSE
"Enterococcus sp. 3H8_DIV0648",0,0,0,FALSE,FALSE,FALSE
"Enterococcus gallinarum",0.000138753541076487,0.0056657223796034,0,FALSE,FALSE,FALSE
"Varibaculum cambriense",0.000772351274787535,0.0028328611898017,0,FALSE,FALSE,FALSE
"Veillonella rodentium",0.000297705382436261,0.0084985835694051,0,FALSE,FALSE,FALSE
"Lactobacillus crispatus",0.00319130311614731,0.0226628895184136,0,FALSE,FALSE,FALSE
"Lawsonella clevelandensis",0.000238951841359773,0.0056657223796034,0,FALSE,FALSE,FALSE
"Porphyromonas sp. HMSC065F10",0.00107617563739377,0.0056657223796034,0,FALSE,FALSE,FALSE
"Citrobacter werkmanii",3.28328611898017e-05,0.0028328611898017,0,FALSE,FALSE,FALSE
"Lactobacillus johnsonii",0.0211020396600567,0.0141643059490085,0,FALSE,FALSE,FALSE
"Sarcina ventriculi",3.76770538243626e-06,0.0028328611898017,0,FALSE,FALSE,FALSE
"Streptococcus macedonicus",7.22379603399434e-06,0.0028328611898017,0,FALSE,FALSE,FALSE
"Klebsiella variicola CAG:634",0.0445001133144476,0.0056657223796034,0,FALSE,FALSE,FALSE
"Phytobacter palmae",0,0,0,FALSE,FALSE,FALSE
"Enterococcus raffinosus",0.0209585552407932,0.0056657223796034,0,FALSE,FALSE,FALSE
"Prevotella amnii",0,0,0,FALSE,FALSE,FALSE
"Catenibacterium mitsuokai",0.143540764872521,0.107648725212465,2,TRUE,FALSE,FALSE
"Saccharomyces cerevisiae",0.000757847025495751,0.0141643059490085,0,FALSE,FALSE,FALSE
"Eubacterium limosum",0.000420368271954674,0.0339943342776204,1,FALSE,FALSE,FALSE
"Staphylococcus hominis",0,0,0,FALSE,FALSE,FALSE
"Alloprevotella tannerae",0,0,0,FALSE,FALSE,FALSE
"Haemophilus paraphrohaemolyticus",0,0,0,FALSE,FALSE,FALSE
"[Eubacterium] brachy",0.000371784702549575,0.0141643059490085,1,FALSE,FALSE,FALSE
"Ruminococcus sp. CAG:403",0.0193941359773371,0.0368271954674221,1,FALSE,FALSE,FALSE
"Fannyhessea vaginae",4.84135977337111e-05,0.0056657223796034,0,FALSE,FALSE,FALSE
"Cronobacter malonaticus",0,0,0,FALSE,FALSE,FALSE
"Streptococcus infantis",0.002378611898017,0.104815864022663,3,FALSE,TRUE,FALSE
"Actinomyces sp. oral taxon 181",0.000279093484419263,0.0453257790368272,2,FALSE,FALSE,FALSE
"Clostridium butyricum",0.037087507082153,0.0113314447592068,1,FALSE,FALSE,FALSE
"Abiotrophia sp. HMSC24B09",5.4957507082153e-06,0.0028328611898017,0,FALSE,FALSE,FALSE
"Gemella haemolysans",0.000761501416430595,0.0481586402266289,2,FALSE,FALSE,FALSE
"Firmicutes bacterium CAG:170",0.00722484419263456,0.0594900849858357,1,FALSE,FALSE,FALSE
"Solobacterium moorei",0.0116820396600567,0.0509915014164306,2,FALSE,FALSE,FALSE
"Pseudomonas guguanensis",0,0,0,FALSE,FALSE,FALSE
"Lactobacillus jensenii",0,0,0,FALSE,FALSE,FALSE
"Clostridium cadaveris",0.017164164305949,0.0169971671388102,0,FALSE,FALSE,FALSE
"Aggregatibacter sp. oral taxon 458",0,0,0,FALSE,FALSE,FALSE
"Anaerocolumna aminovalerica",0,0,0,FALSE,FALSE,FALSE
"Clostridium sporogenes",0,0,0,FALSE,FALSE,FALSE
"Clostridium botulinum",0,0,0,FALSE,FALSE,FALSE
"Campylobacter hominis",3.8385269121813e-05,0.0113314447592068,0,FALSE,FALSE,FALSE
"Murimonas intestini",0.000420736543909348,0.0056657223796034,0,FALSE,FALSE,FALSE
"Clostridium sp. CAG:964",0.00629212464589235,0.0084985835694051,0,FALSE,FALSE,FALSE
"Pediococcus pentosaceus",0,0,0,FALSE,FALSE,FALSE
"Corynebacterium amycolatum",0,0,0,FALSE,FALSE,FALSE
"Parvimonas sp. KA00067",0.0543862039660057,0.0198300283286119,1,FALSE,FALSE,FALSE
"Bacteroidales bacterium KA00251",1.18980169971671e-06,0.0028328611898017,0,FALSE,FALSE,FALSE
"Fusobacterium mortiferum",0.0493760056657224,0.0056657223796034,0,FALSE,FALSE,FALSE
"Lacrimispora celerecrescens",0,0,0,FALSE,FALSE,FALSE
"Butyrivibrio sp. CAG:318",0.215291104815864,0.0736543909348442,2,FALSE,FALSE,FALSE
"Cellulosilyticum lentocellum",0,0,0,FALSE,FALSE,FALSE
"Eubacteriaceae bacterium CHKCI005",0.000174079320113314,0.0339943342776204,1,FALSE,FALSE,FALSE
"Eubacterium coprostanoligenes",0,0,0,FALSE,FALSE,FALSE
"Firmicutes bacterium CAG:238",0.0108072521246459,0.0736543909348442,1,FALSE,FALSE,FALSE
"Dysgonomonas gadei",0.000409801699716714,0.0028328611898017,0,FALSE,FALSE,FALSE
"Bacteroides fluxus",0.0209993484419263,0.0113314447592068,0,FALSE,FALSE,FALSE
"Bacteroides sp. D2",0.000440736543909348,0.0169971671388102,0,FALSE,FALSE,FALSE
"Citrobacter farmeri",0.000194305949008499,0.0028328611898017,0,FALSE,FALSE,FALSE
"Gemella sanguinis",0.00941841359773371,0.189801699716714,3,FALSE,TRUE,FALSE
"Sanguibacteroides justesenii",0.00408220963172805,0.0708215297450425,1,FALSE,FALSE,FALSE
"Porphyromonas endodontalis",0,0,0,FALSE,FALSE,FALSE
"Streptococcus peroris",4.15580736543909e-05,0.0028328611898017,0,FALSE,FALSE,FALSE
"Actinomyces sp. HPA0247",0.000367818696883853,0.0226628895184136,2,FALSE,FALSE,FALSE
"Lactiplantibacillus plantarum",9.01416430594901e-05,0.0084985835694051,0,FALSE,FALSE,FALSE
"Limosilactobacillus mucosae",0.00348521246458923,0.0254957507082153,0,FALSE,FALSE,FALSE
"Providencia alcalifaciens",3.72237960339943e-05,0.0028328611898017,0,FALSE,FALSE,FALSE
"Robinsoniella sp. RHS",0,0,0,FALSE,FALSE,FALSE
"Fructilactobacillus sanfranciscensis",2.45325779036827e-05,0.0056657223796034,0,FALSE,FALSE,FALSE
"Prevotella sp. CAG:1185",0.0563677620396601,0.0906515580736544,1,FALSE,FALSE,FALSE
"Peptoniphilus lacrimalis",0.00321050991501416,0.0113314447592068,0,FALSE,FALSE,FALSE
"Gemella morbillorum",0.00361745042492918,0.0509915014164306,3,FALSE,TRUE,FALSE
"Frigoribacterium sp. Leaf8",0,0,0,FALSE,FALSE,FALSE
"Clostridium sp. MSTE9",0,0,0,FALSE,FALSE,FALSE
"[Clostridium] hylemonae",0.000137818696883853,0.0169971671388102,1,FALSE,FALSE,FALSE
"Treponema lecithinolyticum",0,0,0,FALSE,FALSE,FALSE
"Faecalicoccus pleomorphus",0.00303524079320113,0.0311614730878187,1,FALSE,FALSE,FALSE
"Flavonifractor sp. An306",0.0012629178470255,0.0028328611898017,0,FALSE,FALSE,FALSE
"Prevotella oralis",0.0021242776203966,0.0056657223796034,0,FALSE,FALSE,FALSE
"Peptoniphilus sp. BV3C26",0,0,0,FALSE,FALSE,FALSE
"Brachyspira pilosicoli",0,0,0,FALSE,FALSE,FALSE
"Bacteroides sp. OM08-11",0.00450014164305949,0.0311614730878187,1,FALSE,FALSE,FALSE
"Proteus penneri",0.000231558073654391,0.0028328611898017,0,FALSE,FALSE,FALSE
"Corynebacterium kroppenstedtii",0,0,0,FALSE,FALSE,FALSE
"Faecalitalea cylindroides",0.211896033994334,0.0906515580736544,3,FALSE,TRUE,FALSE
"Wohlfahrtiimonas chitiniclastica",0,0,0,FALSE,FALSE,FALSE
"Bacteroides clarus",0.05242611898017,0.141643059490085,1,TRUE,FALSE,FALSE
"Acidaminococcus sp. CAG:542",0.00612294617563739,0.0084985835694051,0,FALSE,FALSE,FALSE
"Peptoniphilus coxii",0.00965339943342776,0.0113314447592068,0,FALSE,FALSE,FALSE
"Alistipes timonensis",0.00155546742209632,0.0481586402266289,1,FALSE,FALSE,FALSE
"Clostridium sp. D5",0.000671954674220963,0.0141643059490085,0,FALSE,FALSE,FALSE
"Prevotella bergensis",0,0,0,FALSE,FALSE,FALSE
"Ruminococcus sp. CAG:563",0.00262971671388102,0.0141643059490085,0,FALSE,FALSE,FALSE
"Kluyvera cryocrescens",0,0,0,FALSE,FALSE,FALSE
"Ezakiella coagulans",2.31728045325779e-05,0.0028328611898017,0,FALSE,FALSE,FALSE
"[Bacteroides] pectinophilus",0.0256260056657224,0.0254957507082153,1,FALSE,FALSE,FALSE
"Bacteroides sp. CAG:661",0.000879801699716714,0.0084985835694051,0,FALSE,FALSE,FALSE
"Bacteroides sp. CAG:598",0.00736467422096317,0.0169971671388102,0,FALSE,FALSE,FALSE
"Comamonas kerstersii",0.000173541076487252,0.0028328611898017,0,FALSE,FALSE,FALSE
"Firmicutes bacterium CAG:534",0.00442504249291785,0.0084985835694051,0,FALSE,FALSE,FALSE
"Clostridium sp. CAG:413",0.0380823796033994,0.0368271954674221,1,FALSE,FALSE,FALSE
"Schaalia odontolytica",0.000445835694050991,0.056657223796034,3,FALSE,TRUE,FALSE
"Streptococcus cristatus",7.27195467422096e-05,0.0028328611898017,0,FALSE,FALSE,FALSE
"Actinomyces sp. HMSC035G02",0.000311104815864023,0.0481586402266289,3,FALSE,TRUE,FALSE
"Lancefieldella rimae",0.000310906515580737,0.0084985835694051,0,FALSE,FALSE,FALSE
"Streptococcus milleri",0.000152379603399433,0.0113314447592068,0,FALSE,FALSE,FALSE
"Finegoldia magna",0.0228520679886686,0.0113314447592068,0,FALSE,FALSE,FALSE
"Lancefieldella parvula",0.000557393767705382,0.0169971671388102,0,FALSE,FALSE,FALSE
"Prevotella oulorum",0,0,0,FALSE,FALSE,FALSE
"Dellaglioa algida",3.71954674220963e-05,0.0028328611898017,0,FALSE,FALSE,FALSE
"Lactonifactor longoviformis",0.000478753541076487,0.0453257790368272,2,FALSE,FALSE,FALSE
"Hafnia alvei",0.00016028328611898,0.0084985835694051,0,FALSE,FALSE,FALSE
"Neisseria cinerea",0,0,0,FALSE,FALSE,FALSE
"Corynebacterium oculi",0,0,0,FALSE,FALSE,FALSE
"Ruminococcus sp. CAG:488",0.0366801133144476,0.0226628895184136,0,FALSE,FALSE,FALSE
"Corynebacterium accolens",0,0,0,FALSE,FALSE,FALSE
"Prevotella sp. S7-1-8",0,0,0,FALSE,FALSE,FALSE
"Campylobacter ureolyticus",0,0,0,FALSE,FALSE,FALSE
"Atopobium deltae",6.30311614730878e-05,0.0056657223796034,0,FALSE,FALSE,FALSE
"Gleimia europaea",0,0,0,FALSE,FALSE,FALSE
"Mitsuokella jalaludinii",0.0045843342776204,0.0226628895184136,0,FALSE,FALSE,FALSE
"Mitsuokella multacida",0.00033257790368272,0.0113314447592068,0,FALSE,FALSE,FALSE
"Peptoniphilus sp. HMSC062D09",0.000221954674220963,0.0056657223796034,0,FALSE,FALSE,FALSE
"Anaerococcus lactolyticus",0.0482785269121813,0.0028328611898017,0,FALSE,FALSE,FALSE
"Granulicatella adiacens",0.000169008498583569,0.0056657223796034,0,FALSE,FALSE,FALSE
"Anaerosporobacter mobilis",1.30028328611898e-05,0.0028328611898017,0,FALSE,FALSE,FALSE
"Clostridium sp. 7_2_43FAA",0.000169263456090652,0.0028328611898017,0,FALSE,FALSE,FALSE
"Kosakonia sacchari",0,0,0,FALSE,FALSE,FALSE
"Staphylococcus aureus",0.00180917847025496,0.0141643059490085,0,FALSE,FALSE,FALSE
"Ligilactobacillus animalis",0.000728725212464589,0.0028328611898017,0,FALSE,FALSE,FALSE
"Weissella viridescens",0,0,0,FALSE,FALSE,FALSE
"Dysgonomonas sp. 37-18",0.00107509915014164,0.0028328611898017,0,FALSE,FALSE,FALSE
"Serratia liquefaciens",0,0,0,FALSE,FALSE,FALSE
"Streptococcus sp. HPH0090",1.07932011331445e-05,0.0028328611898017,0,FALSE,FALSE,FALSE
"Anaerostipes sp. 494a",0,0,0,FALSE,FALSE,FALSE
"Lactococcus petauri",0,0,0,FALSE,FALSE,FALSE
"Obesumbacterium proteus",0,0,0,FALSE,FALSE,FALSE
"Fusobacterium sp. oral taxon 370",0.000514107648725213,0.0028328611898017,0,FALSE,FALSE,FALSE
"[Butyribacterium] methylotrophicum",9.43342776203966e-06,0.0056657223796034,0,FALSE,FALSE,FALSE
"Phocaeicola sartorii",0.0193708498583569,0.0028328611898017,0,FALSE,FALSE,FALSE
"Bacteroides sp. CAG:530",0.0303307932011331,0.0169971671388102,0,FALSE,FALSE,FALSE
"Megasphaera elsdenii",0.00525152974504249,0.0141643059490085,0,FALSE,FALSE,FALSE
"Prevotella sp. CAG:1092",0.000150509915014164,0.0028328611898017,0,FALSE,FALSE,FALSE
"Fusobacterium sp. CAG:439",0.0104262606232295,0.0198300283286119,0,FALSE,FALSE,FALSE
"Anaeromassilibacillus sp. An172",0.00194371104815864,0.0056657223796034,0,FALSE,FALSE,FALSE
"Aggregatibacter aphrophilus",0.000360169971671388,0.0113314447592068,1,FALSE,FALSE,FALSE
"Aerococcus urinaeequi",0,0,0,FALSE,FALSE,FALSE
"Pseudomonas fragi",0,0,0,FALSE,FALSE,FALSE
"Thermoleophilum album",0,0,0,FALSE,FALSE,FALSE
"Bacteroides sp. CAG:633",0.0350718980169972,0.0113314447592068,0,FALSE,FALSE,FALSE
"Serratia marcescens",0,0,0,FALSE,FALSE,FALSE
"Actinotignum timonense",0,0,0,FALSE,FALSE,FALSE
"Fusobacterium naviforme",0,0,0,FALSE,FALSE,FALSE
"Haemophilus influenzae",0,0,0,FALSE,FALSE,FALSE
"Prevotella intermedia",5.45892351274787e-05,0.0028328611898017,0,FALSE,FALSE,FALSE
"Bacteroidetes oral taxon 274",0,0,0,FALSE,FALSE,FALSE
"Citrobacter europaeus",0,0,0,FALSE,FALSE,FALSE
"Bifidobacterium asteroides",0,0,0,FALSE,FALSE,FALSE
"Enterococcus durans",5.07082152974504e-06,0.0028328611898017,0,FALSE,FALSE,FALSE
"Enterococcus pseudoavium",0,0,0,FALSE,FALSE,FALSE
"Microvirgula aerodenitrificans",0,0,0,FALSE,FALSE,FALSE
"Yersinia frederiksenii",0,0,0,FALSE,FALSE,FALSE
"Faecalicatena orotica",1.55807365439094e-06,0.0028328611898017,0,FALSE,FALSE,FALSE
"Enterococcus asini",0,0,0,FALSE,FALSE,FALSE
"Paenibacillus macerans",0,0,0,FALSE,FALSE,FALSE
"Bavariicoccus seileri",0,0,0,FALSE,FALSE,FALSE
"Kluyvera georgiana",0,0,0,FALSE,FALSE,FALSE
"Prevotella histicola",0,0,0,FALSE,FALSE,FALSE
"Prevotella pallens",0,0,0,FALSE,FALSE,FALSE
"Chlamydia ibidis",6.9943342776204e-05,0.0056657223796034,0,FALSE,FALSE,FALSE
"Enterococcus mundtii",0,0,0,FALSE,FALSE,FALSE
"Anaerostipes sp. 992a",7.68838526912181e-05,0.0028328611898017,0,FALSE,FALSE,FALSE
"Actinobaculum sp. oral taxon 183",4.52974504249292e-05,0.0056657223796034,0,FALSE,FALSE,FALSE
"Lachnoclostridium sp. An298",0,0,0,FALSE,FALSE,FALSE
"Haemophilus haemolyticus",0.00836682719546742,0.0113314447592068,1,FALSE,FALSE,FALSE
"Enterococcus dispar",0,0,0,FALSE,FALSE,FALSE
"Atopobium minutum",0.0025228895184136,0.0084985835694051,1,FALSE,FALSE,FALSE
"Corynebacterium argentoratense",0.000264872521246459,0.0113314447592068,0,FALSE,FALSE,FALSE
"Actinomyces oris",0.000235297450424929,0.0311614730878187,2,FALSE,FALSE,FALSE
"Pseudoramibacter alactolyticus",0.000836345609065156,0.0028328611898017,0,FALSE,FALSE,FALSE
"Lactobacillus apis",0.000300481586402266,0.0028328611898017,0,FALSE,FALSE,FALSE
"Lactobacillus kullabergensis",3.08781869688385e-05,0.0028328611898017,0,FALSE,FALSE,FALSE
"Rothia dentocariosa",0.000117337110481586,0.0198300283286119,1,FALSE,FALSE,FALSE
"Olsenella uli",3.34277620396601e-05,0.0056657223796034,1,FALSE,FALSE,FALSE
"Lactobacillus helsingborgensis",9.80169971671388e-06,0.0028328611898017,0,FALSE,FALSE,FALSE
"Corynebacterium durum",7.96033994334278e-06,0.0028328611898017,0,FALSE,FALSE,FALSE
"Oribacterium parvum",3.75920679886686e-05,0.0141643059490085,0,FALSE,FALSE,FALSE
"Denitrobacterium detoxificans",3.6628895184136e-05,0.028328611898017,1,FALSE,FALSE,FALSE
"Leuconostoc gelidum",2.62039660056657e-05,0.0084985835694051,0,FALSE,FALSE,FALSE
"Oribacterium sinus",2.18130311614731e-05,0.0084985835694051,0,FALSE,FALSE,FALSE
"Leuconostoc mesenteroides",0.00098070821529745,0.0424929178470255,1,FALSE,FALSE,FALSE
"Lactobacillus kimbladii",0,0,0,FALSE,FALSE,FALSE
"Eubacterium callanderi",0.00033399433427762,0.0113314447592068,1,FALSE,FALSE,FALSE
"Latilactobacillus curvatus",8.43342776203966e-05,0.0198300283286119,0,FALSE,FALSE,FALSE
"Peptacetobacter hiranonis",0,0,0,FALSE,FALSE,FALSE
"Actinomyces johnsonii",0,0,0,FALSE,FALSE,FALSE
"Carnobacterium divergens",0,0,0,FALSE,FALSE,FALSE
"Staphylococcus xylosus",0,0,0,FALSE,FALSE,FALSE
"Abiotrophia defectiva",2.46458923512748e-06,0.0028328611898017,0,FALSE,FALSE,FALSE
"Pantoea dispersa",0,0,0,FALSE,FALSE,FALSE
"[Kluyvera] intestini",0,0,0,FALSE,FALSE,FALSE
"Leuconostoc citreum",2.77053824362606e-05,0.0056657223796034,1,FALSE,FALSE,FALSE
"Propionibacterium freudenreichii",0.000288016997167139,0.0113314447592068,1,FALSE,FALSE,FALSE
"Salmonella enterica",0,0,0,FALSE,FALSE,FALSE
"Actinomyces viscosus",0,0,0,FALSE,FALSE,FALSE
"Paeniclostridium sordellii",0,0,0,FALSE,FALSE,FALSE
"Kosakonia cowanii",0,0,0,FALSE,FALSE,FALSE
"Trueperella bernardiae",0,0,0,FALSE,FALSE,FALSE
"Leuconostoc carnosum",0.000101954674220963,0.0084985835694051,0,FALSE,FALSE,FALSE
"Sporanaerobacter sp. PP17-6a",0,0,0,FALSE,FALSE,FALSE
"Actinomyces sp. oral taxon 448",0,0,0,FALSE,FALSE,FALSE
"Latilactobacillus fuchuensis",0,0,0,FALSE,FALSE,FALSE
"Actinotignum schaalii",8.38526912181303e-06,0.0028328611898017,0,FALSE,FALSE,FALSE
"Actinomyces sp. S6-Spd3",4.55807365439093e-05,0.0141643059490085,0,FALSE,FALSE,FALSE
"Mogibacterium diversum",0.00179059490084986,0.169971671388102,2,FALSE,FALSE,FALSE
"[Eubacterium] sulci",0.000272634560906516,0.0651558073654391,1,FALSE,FALSE,FALSE
"Veillonellaceae bacterium DNF00626",0,0,0,FALSE,FALSE,FALSE
"Gardnerella vaginalis",3.54957507082153e-05,0.0056657223796034,0,FALSE,FALSE,FALSE
"Mageeibacillus indolicus",0,0,0,FALSE,FALSE,FALSE
"Weissella koreensis",0,0,0,FALSE,FALSE,FALSE
"Blautia sp. An249",0.000336175637393768,0.0169971671388102,0,FALSE,FALSE,FALSE
"Lactiplantibacillus paraplantarum",0,0,0,FALSE,FALSE,FALSE
"Lactobacillus helveticus",0.000204277620396601,0.0056657223796034,0,FALSE,FALSE,FALSE
"Eubacterium sp. CAG:786",1.07082152974504e-05,0.0028328611898017,0,FALSE,FALSE,FALSE
"Leuconostoc suionicum",0,0,0,FALSE,FALSE,FALSE
"Pantoea agglomerans",0,0,0,FALSE,FALSE,FALSE
"Pantoea vagans",0,0,0,FALSE,FALSE,FALSE
"Firmicutes bacterium CAG:555",0.00957949008498584,0.0226628895184136,0,FALSE,FALSE,FALSE
"Bifidobacterium scardovii",0.00372192634560907,0.0056657223796034,0,FALSE,FALSE,FALSE
"Streptococcus infantarius",0,0,0,FALSE,FALSE,FALSE
"Actinomyces naeslundii",5.01416430594901e-05,0.0113314447592068,1,FALSE,FALSE,FALSE
"Lactobacillus iners",8.80169971671388e-05,0.0056657223796034,0,FALSE,FALSE,FALSE
"Roseburia sp. 831b",0,0,0,FALSE,FALSE,FALSE
"Escherichia sp. ESNIH1",0,0,0,FALSE,FALSE,FALSE
"Kocuria rhizophila",0,0,0,FALSE,FALSE,FALSE
"Pseudomonas helleri",0,0,0,FALSE,FALSE,FALSE
"Stenotrophomonas maltophilia",0,0,0,FALSE,FALSE,FALSE
"Citrobacter koseri",0.000107762039660057,0.0084985835694051,0,FALSE,FALSE,FALSE
"Streptococcus pneumoniae",0.00120056657223796,0.0028328611898017,0,FALSE,FALSE,FALSE
"Streptococcus massiliensis",0.000989348441926346,0.0028328611898017,0,FALSE,FALSE,FALSE
"Prevotella sp. oral taxon 299",0,0,0,FALSE,FALSE,FALSE
"Neisseria bacilliformis",0,0,0,FALSE,FALSE,FALSE
"Serratia fonticola",0,0,0,FALSE,FALSE,FALSE
"Enterobacter soli",0,0,0,FALSE,FALSE,FALSE
"Levilactobacillus brevis",0,0,0,FALSE,FALSE,FALSE
"Arachnia propionica",0,0,0,FALSE,FALSE,FALSE
"Ralstonia pickettii",0,0,0,FALSE,FALSE,FALSE
"Streptococcus sp. SK643",0,0,0,FALSE,FALSE,FALSE
"Atlantibacter hermannii",0,0,0,FALSE,FALSE,FALSE
"Slackia exigua",0.0213507082152974,0.0084985835694051,0,FALSE,FALSE,FALSE
"Mogibacterium timidum",7.76770538243626e-05,0.0056657223796034,0,FALSE,FALSE,FALSE
"Enterococcus gilvus",0,0,0,FALSE,FALSE,FALSE
"Prevotella veroralis",0,0,0,FALSE,FALSE,FALSE
"Mogibacterium pumilum",0,0,0,FALSE,FALSE,FALSE
"Prevotella sp. oral taxon 306",0,0,0,FALSE,FALSE,FALSE
"Alloprevotella rava",0,0,0,FALSE,FALSE,FALSE
"Serratia ureilytica",0,0,0,FALSE,FALSE,FALSE
"Negativicoccus succinicivorans",0.000269546742209632,0.0028328611898017,0,FALSE,FALSE,FALSE
"Selenomonas sputigena",0,0,0,FALSE,FALSE,FALSE
"Oribacterium asaccharolyticum",0,0,0,FALSE,FALSE,FALSE
"Selenomonas sp. oral taxon 138",0,0,0,FALSE,FALSE,FALSE
"Paenibacillus lactis",0,0,0,FALSE,FALSE,FALSE
"Lachnoanaerobaculum saburreum",3.59490084985836e-05,0.0056657223796034,0,FALSE,FALSE,FALSE
"Lautropia mirabilis",0,0,0,FALSE,FALSE,FALSE
"Tannerella serpentiformis",0,0,0,FALSE,FALSE,FALSE
"Cardiobacterium hominis",0,0,0,FALSE,FALSE,FALSE
"Selenomonas noxia",0,0,0,FALSE,FALSE,FALSE
"Cardiobacterium valvarum",0,0,0,FALSE,FALSE,FALSE
"Peptostreptococcus sp. MV1",0.0327107365439093,0.0056657223796034,0,FALSE,FALSE,FALSE
"Yersinia enterocolitica",0.000687648725212465,0.0028328611898017,0,FALSE,FALSE,FALSE
"Actinobaculum massiliense",0,0,0,FALSE,FALSE,FALSE
"Actinomyces massiliensis",0,0,0,FALSE,FALSE,FALSE
"Alistipes sp. CAG:831",0.00647915014164306,0.0056657223796034,0,FALSE,FALSE,FALSE
"Prevotella sp. CAG:755",0.0193324645892351,0.0141643059490085,0,FALSE,FALSE,FALSE
"Dialister succinatiphilus",0.00419838526912181,0.0169971671388102,0,FALSE,FALSE,FALSE
"Ruminococcus sp. CAG:624",0.0187658640226629,0.0254957507082153,0,FALSE,FALSE,FALSE
"Clostridium sp. CAG:510",0.0376173371104816,0.0226628895184136,0,FALSE,FALSE,FALSE
"Alistipes sp. An31A",0.00642883852691218,0.0254957507082153,1,FALSE,FALSE,FALSE
"Schaalia radingae",0,0,0,FALSE,FALSE,FALSE
"Streptococcus pyogenes",0,0,0,FALSE,FALSE,FALSE
"Corynebacterium pseudodiphtheriticum",0,0,0,FALSE,FALSE,FALSE
"Enterococcus italicus",0,0,0,FALSE,FALSE,FALSE
"Dorea sp. D27",0,0,0,FALSE,FALSE,FALSE
"Streptococcus viridans",8.96317280453258e-05,0.0028328611898017,0,FALSE,FALSE,FALSE
"Bacteroides sp. CAG:443",0.0460783569405099,0.0226628895184136,0,FALSE,FALSE,FALSE
"Hydrogenibacillus schlegelii",0,0,0,FALSE,FALSE,FALSE
"Anaerobiospirillum thomasii",0,0,0,FALSE,FALSE,FALSE
"Limnochorda pilosa",0,0,0,FALSE,FALSE,FALSE
"Barnesiella sp. An22",0.0010414164305949,0.0028328611898017,0,FALSE,FALSE,FALSE
"Paludisphaera borealis",0,0,0,FALSE,FALSE,FALSE
"Prevotella sp. CAG:617",0.0016957223796034,0.0028328611898017,0,FALSE,FALSE,FALSE
"Phocaeicola coprophilus",0.0333038243626062,0.0396600566572238,1,FALSE,FALSE,FALSE
"Bacteroides sp. CAG:462",0.017928611898017,0.0198300283286119,0,FALSE,FALSE,FALSE
"Kouleothrix aurantiaca",0,0,0,FALSE,FALSE,FALSE
"Acidaminococcus fermentans",0.00249356940509915,0.0113314447592068,0,FALSE,FALSE,FALSE
"Franconibacter helveticus",0,0,0,FALSE,FALSE,FALSE
"Desulfovibrio sp. An276",1.26628895184136e-05,0.0028328611898017,0,FALSE,FALSE,FALSE
"Prevotella sp. CAG:1124",0,0,0,FALSE,FALSE,FALSE
"Firmicutes bacterium CAG:791",0.000282322946175637,0.0084985835694051,0,FALSE,FALSE,FALSE
"Succinatimonas hippei",0,0,0,FALSE,FALSE,FALSE
"Megasphaera hexanoica",0,0,0,FALSE,FALSE,FALSE
"Acholeplasma oculi",0,0,0,FALSE,FALSE,FALSE
"Muribaculum intestinale",0,0,0,FALSE,FALSE,FALSE
"Brachyspira sp. CAG:700",0,0,0,FALSE,FALSE,FALSE
"Ruminococcus sp. CAG:579",0.0323059206798867,0.0169971671388102,0,FALSE,FALSE,FALSE
"Prevotella sp. CAG:1058",0.0132871104815864,0.0028328611898017,0,FALSE,FALSE,FALSE
"Phocaeicola salanitronis",0,0,0,FALSE,FALSE,FALSE
"Bacteroides faecichinchillae",0.000148725212464589,0.0084985835694051,0,FALSE,FALSE,FALSE
"Clostridium sp. CAG:632",0.00214844192634561,0.0084985835694051,0,FALSE,FALSE,FALSE
"Prevotella sp. CAG:5226",0.100646798866856,0.0169971671388102,0,FALSE,FALSE,FALSE
"Methanosphaera stadtmanae",0.00350977337110482,0.0368271954674221,1,FALSE,FALSE,FALSE
"Bacteroides sp. An322",0,0,0,FALSE,FALSE,FALSE
"Prevotella sp. CAG:1320",0.109762917847025,0.0056657223796034,0,FALSE,FALSE,FALSE
"Alistipes sp. An66",0.000246345609065156,0.0028328611898017,0,FALSE,FALSE,FALSE
"Prevotella sp. CAG:924",0,0,0,FALSE,FALSE,FALSE
"Prevotella sp. CAG:873",0.0157262606232295,0.0056657223796034,0,FALSE,FALSE,FALSE
"Bacteroides sp. CAG:927",0.0453489235127479,0.0084985835694051,0,FALSE,FALSE,FALSE
"Parabacteroides gordonii",0,0,0,FALSE,FALSE,FALSE
"Prevotella sp. CAG:485",0.0467369971671388,0.0368271954674221,1,FALSE,FALSE,FALSE
"Entamoeba dispar",0,0,0,FALSE,FALSE,FALSE
"Entamoeba histolytica",0,0,0,FALSE,FALSE,FALSE
"Barnesiella viscericola",0,0,0,FALSE,FALSE,FALSE
"Bacteroides caecimuris",0,0,0,FALSE,FALSE,FALSE
"Eubacterium pyruvativorans",0,0,0,FALSE,FALSE,FALSE
"Prevotella sp. CAG:1031",0.0135849008498584,0.0056657223796034,0,FALSE,FALSE,FALSE
"Streptococcus sobrinus",0,0,0,FALSE,FALSE,FALSE
"Pyramidobacter piscolens",0,0,0,FALSE,FALSE,FALSE
"Megamonas rupellensis",0,0,0,FALSE,FALSE,FALSE
"Companilactobacillus versmoldensis",0.000145779036827195,0.0056657223796034,0,FALSE,FALSE,FALSE
"Eggerthia catenaformis",0,0,0,FALSE,FALSE,FALSE
"Peptoniphilus asaccharolyticus",0,0,0,FALSE,FALSE,FALSE
"Tetragenococcus halophilus",0,0,0,FALSE,FALSE,FALSE
"Romboutsia hominis",0,0,0,FALSE,FALSE,FALSE
"Fusobacterium necrophorum",7.73937677053824e-05,0.0113314447592068,0,FALSE,FALSE,FALSE
"Subdoligranulum variabile",0,0,0,FALSE,FALSE,FALSE
"Helicobacter winghamensis",0,0,0,FALSE,FALSE,FALSE
"Ligilactobacillus saerimneri",0,0,0,FALSE,FALSE,FALSE
"Acinetobacter johnsonii",4.26062322946176e-05,0.0056657223796034,0,FALSE,FALSE,FALSE
"Helicobacter pullorum",0.00240971671388102,0.0028328611898017,0,FALSE,FALSE,FALSE
"Mediterranea sp. An20",0,0,0,FALSE,FALSE,FALSE
"Fusobacterium varium",1.6628895184136e-05,0.0028328611898017,0,FALSE,FALSE,FALSE
"Companilactobacillus alimentarius",8.12747875354108e-05,0.0028328611898017,0,FALSE,FALSE,FALSE
"Lactococcus raffinolactis",0,0,0,FALSE,FALSE,FALSE
"Lactiplantibacillus pentosus",0.000136232294617564,0.0028328611898017,0,FALSE,FALSE,FALSE
"Loigolactobacillus coryniformis",7.64872521246459e-07,0.0028328611898017,0,FALSE,FALSE,FALSE
"Staphylococcus equorum",2.40793201133144e-06,0.0028328611898017,0,FALSE,FALSE,FALSE
"Campylobacter coli",3.96600566572238e-05,0.0028328611898017,0,FALSE,FALSE,FALSE
"Companilactobacillus nodensis",7.17847025495751e-05,0.0056657223796034,0,FALSE,FALSE,FALSE
"Staphylococcus succinus",0,0,0,FALSE,FALSE,FALSE
"Leuconostoc pseudomesenteroides",0.000424475920679887,0.0084985835694051,0,FALSE,FALSE,FALSE
"Parascardovia denticolens",0.000270028328611898,0.0056657223796034,0,FALSE,FALSE,FALSE
"Stomatobaculum longum",4.81586402266289e-06,0.0028328611898017,0,FALSE,FALSE,FALSE
"Acinetobacter idrijaensis",2.52407932011331e-05,0.0028328611898017,0,FALSE,FALSE,FALSE
"Streptococcus sp. HMSC070B10",1.07648725212465e-06,0.0028328611898017,0,FALSE,FALSE,FALSE
"Oenococcus oeni",2.63456090651558e-06,0.0028328611898017,0,FALSE,FALSE,FALSE
"Klebsiella quasivariicola",0,0,0,FALSE,FALSE,FALSE
"Staphylococcus saprophyticus",5.84985835694051e-05,0.0028328611898017,0,FALSE,FALSE,FALSE
"Phyllobacterium myrsinacearum",4.55807365439093e-05,0.0056657223796034,0,FALSE,FALSE,FALSE
"Lachnoclostridium sp. An169",0,0,0,FALSE,FALSE,FALSE
"[Eubacterium] saphenum",1.88951841359773e-05,0.0056657223796034,0,FALSE,FALSE,FALSE
"Lachnoclostridium sp. An196",1.52407932011331e-05,0.0028328611898017,0,FALSE,FALSE,FALSE
"Megasphaera stantonii",2.90368271954674e-05,0.0028328611898017,0,FALSE,FALSE,FALSE
"Streptococcus pseudopneumoniae",3.07082152974504e-05,0.0028328611898017,0,FALSE,FALSE,FALSE
"Streptococcus sp. HMSC067H01",2.70254957507082e-05,0.0028328611898017,0,FALSE,FALSE,FALSE
"Streptococcus sp. HMSC071D03",6.60056657223796e-06,0.0028328611898017,0,FALSE,FALSE,FALSE
"Paraclostridium bifermentans",0,0,0,FALSE,FALSE,FALSE
"Macrococcus caseolyticus",2.53257790368272e-05,0.0028328611898017,0,FALSE,FALSE,FALSE
"Vagococcus lutrae",6.0056657223796e-06,0.0028328611898017,0,FALSE,FALSE,FALSE
"Enterococcus cecorum",3.14447592067989e-06,0.0028328611898017,0,FALSE,FALSE,FALSE
"Citrobacter sp. MGH106",0,0,0,FALSE,FALSE,FALSE
"Peptoniphilus grossensis",0,0,0,FALSE,FALSE,FALSE
"Sneathia vaginalis",6.29745042492918e-05,0.0056657223796034,0,FALSE,FALSE,FALSE
"Metamycoplasma hominis",2.71954674220963e-06,0.0028328611898017,0,FALSE,FALSE,FALSE
"Fusobacterium hwasookii",0,0,0,FALSE,FALSE,FALSE
"Pyramidobacter sp. C12-8",0,0,0,FALSE,FALSE,FALSE
"Lentilactobacillus buchneri",0,0,0,FALSE,FALSE,FALSE
"Peptoniphilus sp. DNF00840",0,0,0,FALSE,FALSE,FALSE
"Streptococcus sp. HMSC034E03",1.27762039660057e-05,0.0028328611898017,0,FALSE,FALSE,FALSE
"Citrobacter gillenii",5.78753541076487e-05,0.0028328611898017,0,FALSE,FALSE,FALSE
